,id,name
0,3c89595e-6909-4247-a714-86e1b9439531,Kristi Washington
1,30baeffb-f09e-49c8-b777-105955ee12ef,Jeffrey Love
2,8f9839e9-be42-47df-a638-91326f96f920,Christopher Cooper
3,7a551de6-6c22-4ec6-b53a-1216a51a14aa,Matthew Dawson
4,ecdeb777-1a84-4f59-ac0a-965b79c5f33f,Erica Walker
5,aaec0465-5e8e-46d8-83f4-63e0975fa3be,Emily Anderson
6,5855b3b3-b0b8-471e-9c08-6c0d51f61c14,Mr. Brent Ward
7,24b1d830-f293-41d8-90af-fb859055a5ba,Dr. Matthew Hancock
8,6e1b9e44-9df9-4bf0-91f1-9d11706246c5,Desiree Scott
9,60e10734-e8b8-457b-980b-611985a9ab69,Dale Berry
10,e232dd5b-8fa0-4963-a63c-5ea6c7e1f60e,Alyssa Martinez
11,b1d3d85c-fb20-43dc-9329-6c4f426be964,John Marshall
12,35313187-61db-462d-82b5-a6b19ae351d0,Lori Butler
13,6a75ad2b-9848-4dda-a42f-5e022f48aa0b,Emily Bishop
14,64c205e9-4b67-4c22-bdcd-a4b7bbc0db0e,Christina Ramirez
15,90b6f7df-8b55-4dfd-abad-ae45bf428f39,Joseph Mcintyre
16,334fb54a-e5bd-41b5-aef1-c596ed7f8186,Destiny Tran
17,d0486f93-419d-4b38-b803-f8178337379f,Peter Ross
18,f508b53c-828d-41fa-a77a-6ecb76015186,John Price
19,034553d8-dc07-48d9-8557-74a6813ae6f6,Blake Matthews
20,70957bb0-c5cd-48c3-9c2e-a7c0a52047f2,Katelyn Thornton
21,facd3c81-0af4-44a2-933b-77f54b4cd3ab,Mary Owens
22,de8d3cc2-ee5b-4351-a097-aa427f0787b1,Elizabeth Chapman
23,4ad9cdce-328a-4c47-b7b5-902f329c1c3c,Stephanie Williams
24,85bf203b-09a7-4048-abc6-eb2c5ce2cdb5,Patricia Joyce
25,cf89aae0-709e-4e19-9b6f-7a7fc2f6b898,Anita Pierce
26,22ad320e-c626-407e-8ff7-ee481c6b6115,David Grant
27,9f25f4de-9708-448d-a54b-e36f685825d3,Dr. Maria Moreno MD
28,e49b9968-c318-4ded-bca1-7e813174adbe,Donald Thomas
29,af2c6453-3e98-4eb2-b8b8-466322c3386b,Alex Taylor
30,4abacf8f-2e62-449c-924b-088f00e19a57,Sean Jackson
31,4493a22e-5dce-40d1-a55d-f2b15ee68c60,Amy Garcia
32,f70c3a8b-9c0d-47dc-83b0-326580f999c4,Dylan Carrillo
33,9df13fe9-c587-4df2-8d60-b263db647feb,Alex Rosales
34,842242b7-a840-4aca-abad-a0a9fbecdb82,Brenda Dillon
35,119e4b25-9877-477a-a0dd-56144a032c45,Nicole Jackson
36,e949f1c9-28e1-4c40-a0c5-396d376ad5ea,Omar Tyler
37,4fb3988f-0f59-4d21-ab74-baebf6aef56b,Erik Mason
38,ba62c518-23db-47d8-851c-2160db4f8358,Rebecca Warren
39,474559c4-44ba-4ff8-bf7c-2d0746a855a5,Richard Martinez DVM
40,418ba5db-da21-4740-9402-30bb6d721cd1,Brian Church
41,57c8daa3-8b09-45f2-b666-4b11be2e798f,Dana Gentry
42,109dac79-7360-4d65-adcf-9f538ee7cf03,Tracy Gibbs
43,55fe4dba-e192-4eab-9a8e-b27483ce36b1,Joshua Webb
44,445d643d-c76a-46ed-8f92-3e51833bb089,Roy Stewart
45,9936467c-2970-4c6d-a3c5-0834e73e56ae,Michael Figueroa
46,8a23fd22-d538-46ac-a262-40619c9453c0,Jennifer Richardson
47,a8eea72c-8b53-43dc-bdaa-c03b62b4885a,Kevin Castro
48,21345e49-febe-43dd-86fb-962a60a578e7,Cassidy Gaines
49,254ea7ca-382c-4ea4-8dfb-3faa134908f4,William Davis
50,0731c62b-ab80-4d03-8342-97512253c2d5,Stephanie Hanna
51,d66ff8ce-d854-4e91-b2b6-e24a4610a2ce,Courtney Harrison
52,5fdbdcf7-7e51-467e-b3c9-2ce246584140,Ashley Santiago
53,3f6ad8d1-d4fd-41d3-875e-8a3830e37dbe,Kaitlyn Allen
54,d5e036d8-9f79-43f6-8aa7-819d020d66e4,Luis Francis
55,ccd67a33-329d-462e-99e5-78cf4086b1cb,Adam Rowe
56,25849b9a-d1e0-41c2-91ec-52e3ef9d8f2f,Julia Velazquez
57,5d7a77fa-c36b-47e3-af80-14a7e3795302,Amy Wolf
58,87dad958-95d5-42f7-b83d-b4675b3e0e0b,Christina Roberts
59,24dce4ac-a9a4-4b79-aee5-c25b9b243951,Tina Collins
60,aa3cc515-2e4f-45a1-9d62-1a0ca8ddd861,Cynthia Owens
61,f540621a-c8ce-47a3-b08f-f59a5e93db9f,Elizabeth Montgomery
62,3770d29c-c0a4-4d95-b57f-099467b28be5,Wesley Jenkins
63,5b2758bd-032a-4b74-b670-25692a24604a,Cheryl Robinson
64,6acff836-f55e-4aa8-8699-638d87b7ba1c,Jamie Hughes
65,2fa087b1-4b26-4048-bc8b-d0296859c62f,Derrick Brown
66,ccb498a4-64e2-47a3-8849-afd7edc5cd4d,Ruben Bennett
67,0df48264-6c34-40fe-835c-52b6470d206a,Joseph Griffin
68,20699eb6-3d7d-4930-86a0-9fd4f7444c62,Sean Bates
69,5eca60b8-c804-46e2-b2fe-3992746a1e9a,Gerald Odom
70,1e69cb03-0f46-4863-b9e0-13c9437d6e98,Mr. William Baker
71,07f1895b-9f13-4987-8a9a-56a5e365e03c,Mrs. Melissa Bernard
72,2b128798-f18d-4d04-8062-5464783ca8db,Katelyn Alexander
73,e3c3631c-cf9c-4678-af93-606c3116d16d,James Stuart
74,8fc17777-00c3-453e-9aea-2ab1b9f0f02d,Heather Monroe
75,35e21f25-fec8-4d73-8877-972d150545fa,Scott Chaney
76,6f3035fe-5dc1-4de3-9c3a-ba4da85cb56f,Bonnie Jones
77,928625bb-97bd-4ddb-8692-923498a7713f,Mr. Matthew Meyer
78,9a90ec86-799c-4a16-a835-cb12561a71e5,Michael Carter
79,d35836f4-01ab-4a77-99d7-45abe4c1ada2,Brenda Hall
80,ce1d20a6-f067-45b0-ae63-8f113c60471f,Jessica James
81,9f41d5d7-e2f4-47bd-82dd-b514b5185ceb,Kerri Wilson
82,e46e76ca-6375-4789-9b70-045d7f94841b,Michael Dean
83,9ee30eed-4e97-47ae-a37b-0c12366dc896,Eric Young
84,13f45e89-d82d-4845-aa56-cb74b64ed15d,Brandy Ford
85,1eff85eb-741b-453b-bb25-84fa1caa0d71,Andrea Moore
86,0b17ef6e-00bf-4348-9872-f9df58019f92,Lisa Mendoza PhD
87,4aa98cfc-9e3c-4e47-90fb-965a9dbc6154,Vanessa Howell
88,d7599220-ca68-4c3b-b80b-e2e0cd6e87ab,Christina Patterson
89,c827cf00-caa2-4141-a8c3-6c6b05821909,Carlos Bass Jr.
90,4ea69d7f-6e70-4487-ba2e-6606ddbbb23e,John Lowe
91,3485c642-8877-4d67-85a2-36176a79643a,Diana Webster
92,0c611d50-6dcd-4241-926d-826118d60160,Kelly Bennett
93,8301428a-1aa1-4401-9b9f-97409dc3723b,Amanda Nelson
94,dcd3a2a9-94f0-4f06-b18b-bbfdd74a9f0e,George Cross DDS
95,5031dfc3-25c4-4dcd-b26e-baa432830367,Stephanie Anderson
96,f517e6f0-c5e8-471d-8985-4dd653ccea68,Gary Kirk
97,382271fb-86f4-492b-bb20-ec7068c3eb91,Pamela Peterson
98,61dc435d-6f2c-4cb2-8b7c-d85c93c50ca9,Angela Armstrong
99,fadd555e-d1e1-41a6-84bb-930c6d226e9e,Michelle Anderson
100,2c40bfbd-1cf7-4f2e-8ea2-26953b75562c,Joshua Mann
101,b34ee554-2165-4ac2-9494-ace1c8606df9,Heather Gomez MD
102,a955a973-4d62-4054-919f-568e6c29ac9e,Dylan Anderson
103,cd3139f5-6f91-49f3-b877-57bd690c4779,Melody Wright
104,db0211a6-ef64-47f5-9549-0298219a31c3,Deborah Jackson
105,0b7c82c1-eb14-451c-9eea-a4259296de28,Brandy Mcdonald
106,135c1b6c-ca93-4b86-8218-306b1da56d88,Timothy Gutierrez
107,014dd6f9-c662-49cb-b555-6e08bb40bfab,Tiffany Turner
108,d8221bc0-bf28-4dec-bbc5-3b9199f79574,Benjamin Gilmore
109,38e3bb60-a394-48b2-a7e4-8a789540ab67,Leslie Conner
110,a73f96f0-d50f-44eb-a9f2-91fe1b267a77,Charles Johnson
111,69353ffb-adbb-411f-af84-e7af5995dbce,Kenneth Nelson
112,737a0192-c1b9-454d-8c72-8552b2a0ef97,Nicole Hall
113,6dd8c3c2-f07d-4d3f-8530-55cffe500b7f,Mary Dunlap
114,54b5db6c-d1d3-4196-a096-0bcc2e1d8a0e,Ashley Ross
115,8311db2c-4554-4fc1-bfad-cb31f9d2f773,Robert Lang
116,b360944b-01b5-49df-aac8-e780399a481c,Theodore Anderson
117,7329feb3-0fdd-4db6-907d-e174e2f7b1b2,Kyle Martin
118,d43fd6fc-5fbc-43e5-a7c0-17a70fc00c08,Jody Valencia
119,58c5a9e7-3a2a-40f0-9c71-50122bea5df8,Yesenia Mcknight
120,afe24946-97b2-4b9c-b599-b847a893adba,Angela Stephens
121,b59b7321-b2eb-464d-82f7-3d721b04432e,Stacy Ibarra
122,93731385-cd08-4914-94dc-fd776ca0fa56,Sarah Harris
123,856df966-2540-4ff6-b8c8-eef3c5b8a8ba,Stephanie Koch
124,b02b10d9-eaa7-46e7-a288-c0763a2fbff3,Brandon Roy
125,357df31e-fcd2-4a13-b6f2-df642f778df9,Charles Waters
126,fc179fb0-35be-4f94-bd3b-d0cf39aaed9f,Matthew Chapman
127,7d4da752-6c42-4f53-b90a-277b8c8a141e,Victoria Edwards
128,5ad2aaac-660f-46f9-baae-81410eab5693,Larry Gilmore
129,0ba687de-d83e-4dce-8124-104b878e3b39,Donald Weber
130,d35bb6ca-ce9e-4580-b3ce-3d6c1b65a606,Dr. Shannon Carter
131,3da5eda2-e5d3-4cc9-819b-78361f07f4f0,Anthony Dickson
132,e288fe59-28e5-4c97-ab4d-2b9f94d003bf,Scott Reyes
133,bd241f54-2e77-4021-a901-73e9f980cee0,Rodney Gardner
134,2dcbee72-777b-409e-b2dc-8e536848b336,Christopher Schmidt
135,8ddde3c0-e36e-46c2-9206-eef6d1bd7d78,Brian Cordova
136,8cd89e79-632e-4dea-a863-70a32908641f,Ronald Tran
137,12af2f12-0518-493d-8619-44530de6e531,Joshua Wells
138,32ec76c9-858d-4098-87dd-6b2e4effb017,Troy Hayden
139,8e97034d-a9c7-44d5-b9f1-1ea8e4343a35,Brandy Schaefer
140,7742b36a-8615-4ef4-a372-f30e39b5ba3c,Tanya Anderson
141,a7cee88d-960e-48a6-b88d-fcba422eda67,Justin Chambers
142,6ec696e7-8b2a-4f0c-838b-35340a1e83ac,Mary Deleon
143,c69a7b05-3632-4c1d-8059-180801eba4b5,Kevin Marquez
144,bdc6453b-1d5c-4091-8590-1c786bb2fc0d,Joseph Adkins
145,2ed60aa4-651f-48df-aeaf-75711787e515,Diane Hunter
146,116496c6-1475-419b-a1d6-20f7160213b4,Tracy Santiago MD
147,82429491-bfb7-4b03-8675-50e639136b06,John Long
148,c931b3ee-95ff-41ae-bb80-4abb315c9dde,Jay Haley
149,8e41de63-0b2a-4ec7-bd02-67f11320c52c,Robert Campbell
150,6dbee767-5299-479b-ac87-bbf2bc07979e,Bruce Cole
151,6374ddcd-e454-4e5e-8502-5ce1a9c71d04,Debra Simmons
152,1ed7a8cb-d1f4-4473-9173-83fc9796e679,Samuel Thomas
153,5a219c81-5b74-472e-9071-9d6e4322b698,Casey Martinez
154,f44f092c-0af2-4e09-bbd7-cabda0821293,Ryan Huynh
155,8c6d75b6-45d2-41d5-8287-c2c00ee25575,Justin Leon
156,7a7e11ac-2ccf-4d6c-a9b2-84c393e0575b,Kelly Holmes
157,52cf7e16-3a1c-4afe-9ac6-6eadd0aa5221,Jonathan Rowe
158,1f05473e-a767-4c8b-860a-727a94ca5252,James Thomas
159,771e826c-e8b1-472b-b0f2-50e04675c962,Jacqueline Morris
160,c4b9f268-7f83-44df-9939-7c0e164c4cbd,Karen Sanchez
161,8a0815b9-9e1e-47b0-819b-c0d6702178cd,Gerald Hicks
162,6a2d2eef-32c2-4245-9770-00564a3b5219,Carolyn Moore
163,2504af9a-d007-4188-9793-04a25c9b5cf0,Holly Johnson
164,3a94f768-e90c-493e-82c2-55916d2cc18e,Garrett Black
165,cee7bb69-8850-4332-ac42-884191a76f78,Michelle Sheppard
166,c4b5073c-b7f1-4a78-8293-73be2d2efc50,Cindy Adams
167,71d2b89f-4837-4e4c-9014-860b978b486e,Brittany Thomas
168,cfff07ff-9f92-4aec-a10b-456e86a02949,Susan Castillo
169,ff23a81f-3aa6-43c9-ab39-a8a69856cd6d,Amy Farmer
170,814456ac-0289-4e3d-9303-c9eb4534483b,Paige Lawson
171,741966ca-9845-40aa-93d8-ccccf854fc39,Karen Freeman
172,faf97995-ceda-4f74-a96b-a37838378538,Brett Allen
173,ae5bb1bd-8aa8-402d-86de-fecd4b7fc9a2,Stephanie Williams
174,a0605e85-c67e-4f50-9b63-55faa8faf957,Diane Davis
175,1d74e4b3-6d4a-48e0-ad70-c6ad008f8293,Francisco Parker
176,fed48328-4f5b-4e23-b0ef-5fc290d6b573,Cody Gonzalez
177,72c1497e-d128-4d82-8b8e-88ed8be658e5,Melissa Martin
178,82a3f392-3408-44b0-a511-60d4b33fe7bd,Natasha Wright
179,991ade82-2ad2-4dec-b372-579f7670e175,Joshua Turner
180,b75d201d-2def-4f3f-b841-7e233a1b8851,Marc West
181,925b36a5-78fd-4ca7-b322-08857a24a462,Michelle White
182,1ce25b7d-dc5c-4904-bc69-cd79d30c48ff,Christian Mathis
183,b877ee5d-d23e-4f41-b4c2-42749226099d,William Valenzuela
184,1e2d2a09-2207-4fe4-9318-70c6a2df36cd,Victor Hall
185,4d7db8d6-7eaa-4d46-a911-fef8611b1de7,Matthew Young
186,2be933ba-add3-4bac-a9be-cd6f9068af75,Debra Morrison
187,fbc07006-c9ad-453b-8e82-d9798b605b75,Tammy Watson
188,a9374304-25dd-4e13-a400-0c735a04b74b,Russell Mitchell
189,e3efcc20-f419-424d-b4dd-bec648fad627,Latoya Harrison
190,f56a8bb6-d4e7-410c-aa13-07908813e191,Mark Mitchell
191,50b16a60-8331-49d8-a350-375eccd837e4,Andrew Serrano
192,a3830a71-8e8a-4dc0-83ed-7de945781387,Calvin Mccullough
193,e59caee2-dd9a-461a-92fd-744072f5aa1f,Pamela Smith
194,ab124985-7de2-4e5a-97a0-f29035791b87,Amanda Martin
195,fc85ea4b-e6c6-4d8e-8487-a8d120a30b6e,Ernest Bowers
196,30b36843-0e58-461f-825c-e9431ab6a118,Sydney Wise
197,d26ad8d9-4a13-4582-bff1-bafd7bb3a848,George Bennett
198,66eaf6e7-165e-4f93-80e6-caefa88ea533,Angela James
199,4a09c9c6-2bcd-4803-bb63-9b2bd77146d1,Emma Mitchell
200,b0581a52-389e-42c2-a9a6-f2ccc8293a89,Ann Dennis
201,e2fb7f7e-78ee-4633-8dff-8e7e337cf90a,Kerry Tanner
202,bc4343c9-c000-41fc-948b-caa5c3c7cf99,Henry Zamora
203,c23bd8e2-0757-4267-a020-2ad4e01feccc,Emily Shelton
204,28fbb0a7-89f9-4c69-a8b1-96c31a6b4c04,Jessica Lewis
205,9f2e441b-6565-4ada-8f33-279177fbb200,Jeffrey Gutierrez
206,3cbab0b9-a66d-4d64-9ade-9d03e2789196,Angela Hebert
207,3b2d359f-c9b6-4395-8036-6e0879f2a716,Randy Lyons
208,2f2d9cbd-7109-4a3a-b888-6924e7f96769,Susan Phillips
209,e8dcf4b1-879b-4363-95b6-6d0fb89ef323,Carrie Wilson
210,f9123f1c-09fc-4cc0-878b-b3a34e22dbfa,Dale Ellis
211,1e68f20a-99c5-42b4-ab5f-86e95cbbcffc,William James
212,cfe02f90-ceb9-4cbc-9c57-7f41a1e841f0,Chad Walsh
213,051a7119-5012-40cd-9b5d-1d50abf68d42,Thomas West MD
214,d428ef7e-a231-4c17-ab4e-7aa3952703a8,Casey Barnes
215,8119cf5f-3317-473e-b339-b045860b564e,Jacob Brown
216,cf6253c6-6f52-4ada-9b47-6ebdf8c5bb69,Stephen Young
217,748bfe20-456f-4b45-a1dd-d53744c27c38,Kathleen Rivera
218,06260617-26e6-4cb4-8f35-d6fddea33786,Brian Velasquez
219,9b1a7393-f896-4c1d-826d-56edaf9da53d,Alexander Burke
220,61a3863f-834f-4e30-b31a-c00440fbaa03,Arthur Evans
221,db8502b8-4c50-4e38-a844-c5164bd4a97d,Christina Gonzalez
222,85af0ceb-2a7d-4b28-a75e-66c382baa49b,Gary Horn
223,7715fae5-4261-4a91-9706-4459b0f3a58e,Sara Valentine
224,53d33d92-f916-4444-8015-26b8ac2eb6ee,Barbara Koch
225,0abd258b-4fe8-4861-bf74-6a1cfa23c91e,Harry Taylor
226,0c8fa1ab-8f53-4a48-bd21-8ca490f3d361,Tyler Henderson
227,d9d85bd7-318f-4440-906d-2c2a740f9a96,Connor Hernandez
228,887bd984-c3f1-441c-8e00-4b7472384c99,Amy Andrade
229,b674b175-10c9-4532-899c-105e9b97a3c6,Joshua Henderson
230,b4829fe5-bc2b-47fc-b182-e8d1f23b394e,Seth Frazier
231,b43577c9-8731-4f35-a194-ef0f10dd9ae4,Connie Harrison
232,e6032655-1e0f-4b9a-a886-2a0e12a73119,Bradley Monroe
233,a1979e74-636b-4473-a47a-d6959bb398c6,Nicholas Benson
234,cf144b6a-f81b-438b-a1fb-c19d8ada9ebf,Nicholas Mcdowell
235,8c36dd9c-31b1-493a-8c92-ca59ccf558d2,Brandon Shannon
236,253ebca1-da93-4436-8cfb-13a4e7550303,Rodney Berry
237,7283693e-7769-46bd-be84-3588f65e176a,Lisa Lopez
238,24dfd1da-8010-4d1f-b25c-1f87dc8f1548,Rhonda Gomez
239,42e0dc59-28a2-4ff4-8791-9525b84d117c,Stephen Mercado
240,c73167a4-12fb-4d9e-82cb-223cd6afb456,Lauren Rodriguez
241,c541636e-198a-4d80-ae27-c3f9237d2e30,Shawn Baker
242,c1063826-320f-42b1-8fb3-8f22fde99371,Crystal Mendez
243,2e4e3ac8-8c2f-4592-be87-7a6733451329,Alyssa Alvarado
244,a66f179d-3b31-4f95-b0d3-5019a213d3cb,Wyatt Bates
245,dccc1004-8032-45b4-83bd-d48a1e9033d4,Chris Graves
246,4d366057-556b-416e-8c4f-116dd7dd868a,John Hughes
247,ca8834ed-7daa-485e-a286-748776cb4a08,Christian Fernandez
248,30ab269d-38f4-40dc-bb08-ba254517d991,Julie Dixon
249,2a97fd37-8d0b-4aec-a509-458033a02f3f,Brandy Harrington
250,575e0560-2f58-47ff-9546-d8629a13859f,Jessica Bauer
251,6d9499f8-e996-4a09-8422-d2c0155699cd,James Grant
252,a72da4bd-167b-445e-aece-28a1b21892c2,James Gutierrez
253,90dc0434-648a-4a6f-bb81-52ce8d6f9b4a,Erik Gordon
254,d76bbe41-80af-4c36-b47e-deb676d6d1dc,Jacqueline Pineda
255,25dd9f2e-0f11-4023-99d6-b1e991938338,Sandra Dixon
256,21db8c47-f14c-40e9-bb5e-3e2eea169b9d,Jeffery Harrison
257,0658c0e5-c79b-4de7-bacd-4f6bb1ba846c,Matthew Grant
258,744fb081-6cf8-4cb4-a331-d295fc25b7e8,Kenneth Moore
259,d04e3359-e4c4-40d2-985f-e54257ff9aff,Sarah Smith
260,b3710a23-ec4e-4ae3-aae1-e0a16c369e1a,Daniel Coleman
261,95ef5cc1-f4f9-4d1f-9ed9-54ac3dcf62a2,Hannah Davis
262,4da06899-dc07-4223-8608-36346445ac61,Stephanie Nelson
263,b3987160-0b27-40df-a5b4-35ed3e3038ee,Michael Bryant
264,dd13896c-a888-459b-89ec-f4cdfc7200cd,Kristi Keller
265,31e220d9-c4b6-4642-8f82-86015ad17106,Carly Harris
266,f0ee65b8-5906-4ab8-95e8-0252579db180,Danielle Gray
267,104bf0df-077c-496d-a625-f4f448ccec89,Jodi Mitchell
268,a532407b-52e8-4d19-beec-b035b1abe87e,John Larson
269,83e764e8-deb3-4901-9fef-e3626a5c1147,Tyrone Ryan
270,6dfa9bb5-431f-4d9b-8515-4f1b0877f0a6,Corey Calhoun
271,2be43af6-b002-4c21-bc33-8b3fcd0aa589,Sandra Norman MD
272,63710bfd-f3da-4cde-bc32-4701248269da,David Leonard
273,eeda9af5-e239-4f99-9abb-24e76c063ec5,Robin Vargas
274,d04bfe90-7eef-47f6-a414-95043a83f079,Shawna Hill
275,291c42fe-bb4d-4f61-af0e-b59d61a433c9,John Mcgee
276,fdebc29a-c87e-45ae-9470-e5062f770e2a,Jonathan Bennett
277,b33af2e9-591a-4660-92a9-c14c6521fcae,Hector Campbell
278,89b0af3b-4b97-408e-a7e9-5ca6e91ccb86,Maria Cherry
279,17a934ee-1d90-4919-9ed7-92f13e80b9ef,Ray Mitchell
280,8f20197e-dc66-40ad-8349-a1a9154fabc4,Maria Guerrero
281,a9e06603-275d-4877-9f0d-4561594550fe,Andre King
282,b34aa6ca-f56b-4d79-851b-a2ac5374a4ca,Brandon Hill
283,db6a8ec0-0888-47fe-86e4-1c583ba7e552,Bradley Shannon
284,306bf53a-5efb-4acd-a835-97b76f025f98,Steven Flores
285,9d3cef23-6d3e-4378-96c5-9fe25a8957df,Dana Smith
286,c7b0cacc-d04a-4002-948b-3c4f82b846e0,Sara Potter
287,43652896-4e7b-4d4c-b554-6b2a35965f76,Benjamin Brooks
288,36551042-0f4c-497c-a95b-e90d3fb1861b,Matthew Allen
289,c2e57072-0633-4a25-a6c8-d16e494218cb,Erin Lucas
290,347af467-dd11-41b7-965b-7a15fa249f70,Joy Peterson
291,6a6b8174-7726-421f-b34f-64dc9734e29b,Mary Kim
292,3a99867f-8817-4a75-94e7-808e580fc275,Dwayne Johnson
293,cca37ea1-76f6-4ab2-9e8a-8b97c5885463,Benjamin Bell
294,58d1d05c-d6d9-4f50-b837-2716a178776b,Katherine Odom
295,4b68f94b-5c11-4974-8a29-aea79e9184f0,Diane Marshall
296,8e832aca-414f-4a25-a7ca-a683e6ca180f,William Ayala
297,f68db3f9-91e6-46af-952a-f045e569b221,Sarah Haney
298,e0f52432-fb34-449a-a48a-0ad22d3c0971,Brian Davenport
299,7cb455c2-3215-4ea5-b6c8-db7366c1b1c5,Adam Carpenter
300,ae456cbb-d1df-4ff3-9e70-842ba7b21ae3,Wendy Ramirez
301,55e4547b-63ed-412d-b72b-79a98f30fc46,Nathan Murray
302,6fc95395-881b-460e-88dc-55b817e9753d,Brittany Turner
303,dbcbc831-9669-40b8-ba17-f789f00809cc,Deborah Morgan
304,086a0a44-ee4c-4484-a9bd-00815d0627e1,Andrea Randall
305,1acf707d-4149-42b4-962f-fcd511c54573,Dillon Jennings
306,b6f171e0-a481-43bd-8e41-22499cf0101c,Amber Franklin
307,b1439e98-fe07-491e-b3f8-02e2ebcd0393,April Curtis
308,2a724cd4-4e7d-4909-8f81-74e435e397ec,Anthony Murillo
309,66f741c7-48aa-4cc6-8612-9de0db02fc5a,Daniel Cuevas
310,eae53006-185c-4299-aba5-de1f4b11ba66,Misty Lee
311,a381ac14-86f9-4d3a-a275-969b9996f366,Pamela Harris
312,6e344524-e547-4270-8595-15b8634a3369,Lori Chavez
313,773ceb2c-4959-4168-8412-b0a37a9e6947,Amanda Hodges
314,cb85d1a5-5db0-4175-8749-74429d42754f,Billy Hughes
315,c7cf3dcd-29bb-49e8-b150-ce65f7057459,Andrew Aguirre
316,cc59f23a-38c3-460e-bdc9-0d07f2c8b158,Andrea Bentley
317,fa6ba387-97d4-4812-8aa1-ae4c8b3a0002,Lisa Lewis
318,91cf8561-25c1-4892-8c42-9db6a26f116a,Linda Contreras
319,c0a9953d-205c-4e9b-99d8-8fd574d9d8f1,Brittany Johnson
320,50787d3b-4cc8-42b9-8983-8c8291981147,Gregory Hayes
321,598dfa82-bf76-4d2c-8d68-05a764110d21,Danny Walker
322,b7b2d5e7-1aa6-4748-b2cb-db054748758f,Angela Weber
323,a44f63f6-55a3-4906-84f0-f1b499bd2da0,Nicole Martin
324,c715531e-9881-4b64-9b49-3d28494950fd,Eric Porter
325,d480d6d7-71ea-4fd0-9430-5c864d56d6c4,Maria Adams
326,59374279-0eb0-49bc-a9d1-6a328ad237e0,Dorothy Schultz
327,af977373-9131-4c30-b66d-d04db8380ca5,Mrs. Shelly White MD
328,520534d5-db82-4e0b-8288-9c5fc06ec380,Darryl Green
329,052ce921-1f8a-4779-8720-84130ff961bd,Aaron Williams
330,1c64d587-319f-4e10-88c0-f803f92f30f2,Charlene Robinson
331,07d87fd8-99b1-48f2-8ade-096a302157fe,Ryan Mclaughlin
332,abf321a4-a484-4d21-bd77-d2ad194e6f59,Alexander Garner
333,a33003a5-30c4-4adc-8f04-a31e152c9539,Ann Morris
334,d71ad2e8-d72f-4919-ae87-367146f9a11b,Alexis Graham
335,a609999d-3b02-4c07-86a6-2b031dddbe31,Tamara Berry
336,4f05f16f-bbdd-4e21-93ee-28e331d1d260,Alicia Clark
337,5b9b2811-791e-4c2f-8ffc-3f53455939cd,Steven Williams
338,362fc699-9706-4703-91a8-6de3e2bd1d83,James Gardner
339,1e79603d-f6d3-4c82-b3c8-d997a25c88f8,Virginia James
340,4c46cb70-1c14-4d3f-b3ef-10c07acf3e0e,Jeffrey Franklin
341,21dcf2c6-a1db-48c5-8471-a2371b7eceb4,Michael Conner
342,3130eef7-53c4-4e5f-b9f8-65cbcfde80b4,Sharon Sawyer
343,98743572-461c-490b-bdbc-2a1eb9178e6d,Richard Lee
344,60ab48af-edca-4386-9891-5aa22e19b6d3,Michael Baker Jr.
345,7de53a45-6403-491f-becf-9c312f24bda4,Denise Anderson
346,3e541691-a04e-493a-aa1c-7c31a070893c,Anna Hunter
347,acc3cfb3-d836-42a7-8c09-8530f9097171,Chloe Payne
348,1888bddd-0421-4ca1-8cc4-68e16a5ab8d4,Erin Baker
349,7fdc0114-99dc-40d1-99a9-cf9447e2de23,Christopher Graham
350,eedcd174-3733-4192-926f-61876101422c,Benjamin Salinas
351,bb2d7f35-13f3-45b2-920c-6e2827578d9e,Valerie Howell
352,ea0e5e0e-32e7-4922-afc4-e4b9b454ab86,Seth Atkinson
353,66100f59-eaff-4d8a-9b37-17c624b77a6f,Devin Cabrera
354,b995cb17-4704-4a12-b39c-f90ddccfb83e,Matthew Thomas
355,c879ad40-ba81-45dd-b99e-9afa82899497,Hunter Dean
356,52f0ab51-b7fd-41ea-bff3-b5f55862f2fb,Jody Foster
357,1ed78bb6-18b0-4c58-8b2c-8747c815679c,Samantha Anthony
358,d55f87fc-e30e-45bb-bd31-9a39f15e3374,Kathryn Mendoza
359,a89b1bd0-d8bd-4b7f-98a0-70eaae6debc6,Malik Cain
360,62a85473-e287-4654-9478-962143bae06b,Jeffrey Brandt
361,89496a25-14be-4042-a3c4-b3fee994f93d,Misty Robinson
362,f45a0b19-a361-499b-8b15-940f9bc095a5,Seth Ewing
363,24142258-635d-428b-832a-861d590d61f6,Courtney Martinez
364,6cfe005a-9537-4a9d-806a-34be072394bc,Amanda Harper
365,a7f4d53e-40df-45d6-8e47-86e13048dc16,Michael Rodriguez
366,00c436d9-13a0-4428-a4ad-8d35bef53cdc,Hailey Galloway
367,eff549de-75d0-4071-8c92-cdc9f77e11bb,Stefanie Stewart
368,416d0a5f-f980-43a5-9c34-6eabc4d18784,Lynn Smith
369,880c5395-38b2-4fcc-8b85-0834bcdb8cb0,Connor Jones
370,6c66ae66-80a6-49d2-88dd-b1e7bf4773a2,Tiffany Scott
371,47db3030-efc0-40ac-9277-219be39e7bd5,Leah Miller
372,384cd126-77cf-4122-bca2-2c123a30af9f,Amanda Foster
373,d3abc76a-b193-43bb-aaee-533068ee1209,William Hodge
374,3f483139-0828-4da8-80c5-4baa6818fb06,Mr. Alfred Reynolds
375,2a735c1a-e50a-4a89-8f53-d66c696d806b,Natasha Johnston
376,16e872e3-7b7b-43d3-93ab-8d3de2469c69,Jason Gibbs
377,c7f54c70-e3d0-4fd2-af27-66685050f658,Kevin Evans
378,8e7bea66-d936-499b-9f27-f133b670cd01,Jonathan Davis
379,fcd8d30b-e85a-451f-9592-9968b71db71d,Jessica Hernandez
380,f3e01cca-f5c0-4b4d-9acd-e6e6a16c763e,Rebecca Roberson
381,95381be3-0a03-4c70-9382-233288193f19,Nathan Mendoza
382,83fb6e26-4060-427d-b029-c9a06385fab9,Mr. Robert Wilson MD
383,6b3ed046-2bdc-4f78-89ab-56525955b938,Mr. Roger Johnson
384,91bfd211-9439-45d8-8ec0-b72e24150b5f,Tracy Powell
385,fd12ecf6-29cf-4fa2-ab0f-8fdc7a01e5e0,Savannah Nelson
386,0b0444af-b8c2-42b2-98cd-0204d8c2b6e0,Christopher Cain
387,854bba66-0b4f-41a7-aacf-a1733b35e98b,Robin Sanders
388,7abbeff0-9a1e-4067-89ef-550f31e9fd2d,Renee Gibson
389,8c9fde53-8f75-4dac-9c61-f69ef441ca11,Michael Davis
390,27a32123-e856-4a7b-a59f-1e8c2f114a2b,Sydney Eaton
391,2adca12f-58db-4fc9-9f25-93a0e8359d3a,April Meadows
392,82a8f5f8-c4c4-4fa1-b1d2-70a69e50b7ea,Joanna Jacobs
393,dd5b5d93-82c0-4724-95cf-04bc2d27ab9e,Luke Bolton
394,d377845f-b18d-4e28-9451-7071258a73e9,Jessica Heath
395,d4848612-a614-4c7e-be32-7a6f375bf7e4,Gina Porter
396,71f2b6e9-ecd9-4d54-bff2-644083412d3b,Brandon Ford
397,397609c7-401f-4d3a-be83-0b21707ba564,John Farley
398,49fc70fc-839b-4c98-b4b9-12aa050b031b,Robert Young
399,19ec53d7-a74e-4dbe-867c-13ae9c98f48d,Amy Johnson
400,7e2eeade-fe99-416e-8b00-454700b8cd94,Kristin Lewis
401,3bc1b65a-5b99-4fb3-8ccc-26f1124d4dff,Cody Perez
402,9aa4847e-d82e-4a03-ba2a-d62c53e289fd,Alicia Norris
403,9f23f197-390b-4001-9556-d2d222e28939,Mr. Nathan Petersen
404,36f4b29c-8382-4650-8eb3-59f9e8e06c29,William Wang
405,00a85439-c313-4c37-9b61-ff3477696bf4,Melissa Gonzales
406,85f56f44-f087-44fc-bcf4-63b99a8b8655,Charles Howell
407,ce6bdb9c-e702-4e33-a116-7873dd3b256a,Sarah Robertson
408,dbed298d-f207-4495-9874-a97aa0636eea,Natasha Johnson
409,79a25335-e3e9-42cb-9c8d-fb1ab84308a4,Joshua Martinez
410,4b154838-a1ae-4a51-a2f6-a663127aa663,Dana Moore
411,308c425d-bbf5-43ac-905f-083aa4ae7f1b,Justin Perry
412,8b713d21-551b-43f9-8b2f-1d1f74859654,Natalie Pearson
413,a1354101-775d-45fd-8c9e-201f7700595b,Michael Hall
414,1ef2d4e6-30d9-42ab-91b1-7cdf33d663e9,Steven Edwards
415,1d222fe1-13c4-4e5e-96a8-4f84a6a58e5f,Matthew Rowland
416,d501d75c-4bc8-430f-8046-d40efac330c3,Evan Williams
417,75960dca-3aec-4289-a91d-d29224d27020,Nicole Bishop
418,467b346b-0f28-4136-a989-e749e3311f73,Tony Murphy
419,29885dee-7aa0-4355-98e8-9e111fbe2290,Jennifer Martin
420,cda97dea-3260-49a2-b010-14fe8259e562,Jonathan Bright
421,b05ebf02-1040-4589-b5a8-5278356970ca,Judith Swanson
422,543747ac-73ec-44f2-ba15-dc1fa6a6555b,Robert Robinson
423,f4353a9c-bae0-4f8d-b64e-74b297476b5c,Karen Brooks
424,5f15b624-06d6-4975-a50c-cf9fad069dca,Dorothy Arnold MD
425,25d22f26-bc77-4266-9d2f-81e4f1bf2c62,Joshua Proctor
426,1038be5c-1f7d-480c-bd2e-6c35523177d8,Thomas Horne
427,c2f46d20-6f9f-468d-b549-1b199fd728fe,Dana Wolfe
428,0d63539d-d954-48a0-9588-127efca3dc4a,Edwin Marquez
429,c55242d1-10c8-4fe9-af6a-faf308f37345,Joseph Shah
430,f54af5c0-3edb-4cb2-863d-429d4ca030b0,Jeffrey Browning
431,aeb77efc-8fe5-4847-943b-92288011b934,Karen Oliver
432,a443d5c9-d71a-4e4d-afb5-1704a261e2cd,Theresa Williams
433,73bea659-8471-48ea-8df1-dbdd7dd4169b,Patrick Bowers
434,8200b940-dcaa-44f1-ab37-e819bea2e020,Anthony White
435,3569b480-c58a-4e89-9564-28c92db7c449,Jerry Kelly
436,e2ea3c2c-03e3-4e5b-b613-e318a5727036,Jordan Atkins
437,04a66697-c25f-48db-93c3-2d2e21773a9d,Theresa Barrett
438,c792af32-e06b-49ca-9543-d5132039618c,Bryan Thomas
439,6c47d25e-2217-46bc-810a-4766dc0b20a5,David Hammond
440,7b5095e8-961a-4765-8900-6dd964e55f8d,Hannah Anderson MD
441,4fbcee4e-a876-4951-aeda-11370c80279d,Ms. Dawn Wyatt DVM
442,81d69b3c-e95e-4a46-ad82-6acdbf20c00b,Heather Lara
443,c085fea0-e4e9-4289-b5e9-f60e9f5f1a55,Frederick Singh
444,cd0bc173-e14b-4e13-a46d-396f9f2c31f7,Amy Simmons
445,18db022b-3c10-4b41-a350-2513d0f139ec,Matthew Henderson
446,25ccc1af-019e-4e17-87ee-d5542943b472,Rhonda Ward
447,76b3c2e7-1ec6-483e-bef8-0dd25a5028cc,Christopher Townsend
448,b0a3cb84-242f-4133-91d7-922393a7f322,Dr. Tina Thompson
449,514731b7-80fd-4e8f-973d-45eb1aa9d7aa,Chelsea Blackburn
450,82da5a00-a86f-4d45-837a-60a6c52bc6ab,Wyatt Carter
451,a79e6564-1f2d-4b21-b811-1c2115339265,Christina Williams
452,939ffe3e-5d61-4f3d-826e-aeeee37f5e25,Christopher Williams
453,989f1ccb-4c63-4250-9392-78fd4f3fb7a9,Matthew Harper
454,af6d6859-7454-424f-8ab7-597245772087,Tammy Patel
455,38247c32-158f-4d7c-bb1f-22fb52a972e1,Ryan Cain
456,6bc4fa85-3709-48e8-bbf6-dada8a2dc1b7,Mary Martin
457,a09a5b33-c252-4a11-8b1e-8c2258d414aa,Brandon King DDS
458,86dfcc4a-58df-4402-903a-f3ac558f0c77,Megan Mcdonald
459,a03f0287-1ab9-42c3-8e03-6ab6db999d29,Kathleen Kane
460,2d080efa-7e7d-4bf1-bf61-d6cc32339171,David Thornton
461,1adca763-19d8-46bc-8506-2e8dfecba8c7,Carl Dorsey
462,9a82c122-5f90-48a0-a370-0e68f686b84c,Kimberly Butler
463,0a104da3-1466-4b88-a759-8563024ef8cc,Natasha Montoya
464,eeb28f36-00bf-4897-b669-034204fdd45a,Maria Shea
465,5ccaf63d-5c02-4c1f-a29b-1cbd709490f8,Mark Brown MD
466,7845a056-906a-4204-b43b-65a9ea211315,Kristen Jacobs
467,82759ce9-6873-4539-a2b8-12f2d5785e0b,Robin Reed
468,47f1932d-f62e-4211-b6a6-efede4480664,David Smith
469,284dcf8e-66cc-4636-9c55-b498ac7794a5,Margaret Lopez
470,8fb960ac-f2ac-45aa-a32f-7434b81371ab,Melissa Allen
471,35112135-999a-4bc8-a90e-89bd43ea4fd3,Michelle Patterson
472,d47f5fd4-e8bb-42f6-a80b-781cf5c16e06,James Calderon
473,4e9b554d-94f7-4d4b-9dcd-6e6c6d494013,Mary Nicholson
474,665c0209-8835-4f35-bfba-7afeef5db585,Laura Callahan
475,eca1e886-0fa7-46dd-b1b2-d335d9aad6e5,Whitney Collier MD
476,699d829b-a198-4cb6-9b97-3a58e8d80b09,Shawna Knox
477,48cd4ca6-6713-49fe-a9a1-ac268ed739ff,Daniel Nelson
478,f12ceef5-ba95-428b-a347-22af20245317,David Barton
479,9687c7a4-c620-4076-b5af-783512359f64,Jeffrey Smith
480,d63f64f9-d086-44ba-a030-77606e43c155,Brett Brown
481,6b84eba1-7bdf-45a6-8ad5-d81d231f0712,Joshua Buckley
482,ee4cf2f0-7090-433f-b53c-7d430d5500d4,Maria Rivas
483,f4d1fcc9-73e9-4de0-ac32-66054c3c9de7,Samantha Humphrey
484,36676c1e-c44d-45a0-a35b-80bbc4f6019b,Christine Morrison
485,3d56be69-be0a-46b5-bb28-29fcdf565e6a,Dave Murphy
486,2777f0ac-3930-481f-bb76-684ae33edd92,Jordan Mayer
487,a99d1f0c-2176-4f27-8b34-e32b5fc3059e,Glenn Lee
488,f1879070-65e9-4919-b44e-ca5fbbe5239e,Erika Roy
489,d1cf6c57-afa9-48a6-969d-9d32de2bb531,Cynthia Johnson
490,3d6cb7b8-f73b-4ebf-a661-dceed9dcb3eb,Kelly Lopez
491,744ae5ba-5a13-4a01-8c22-f6a3f81074ec,Corey Francis
492,97d03193-642d-41c0-baa6-eb2f0d59f1b7,Joshua Smith
493,38e16065-9341-4175-9d7b-ebaf633e8a50,Joseph Heath
494,98581561-78a7-462d-9d78-b67e72f4227f,Jessica Brown
495,5d9b51c7-4a59-412c-a570-3f2fd305f9cc,Margaret Hart
496,60dac3b6-61d6-4990-ac04-aea496054676,Brenda Morris
497,7a40e8e3-dff6-4ef5-81fc-3c2e0b6b84a0,Melissa Webb
498,33454950-b7d3-4463-9563-4c4174b13e7a,Ashley Le
499,277e941f-13f6-4e06-bf2e-5a8050a06d54,Cheyenne Briggs
500,63198c52-5ca7-4f02-93aa-f7b53fb2c259,Patricia Collins
501,731a2812-a9d5-4e3c-9e4f-45c80c58f816,Glenn Galvan
502,f8455b08-9af3-4f73-81c6-9547367f409e,Mary Lambert
503,0ca025a8-5e59-4b02-a2ce-0d09be3279ab,Christopher Wilson
504,d21bf0c5-091c-4f30-91c9-d1870f8ecddf,Ashley Miller
505,c91c6fa4-d123-496e-9f90-4a7132270d31,Chelsey Ramirez
506,65209612-c369-4e18-be1a-0db53c11ac86,Sarah Porter
507,386ebd0d-8861-4348-a833-090b4f03f9af,Kathleen Fischer
508,9d03ab96-9be5-4432-b8ff-edd957de1b71,Bradley Gonzalez
509,3d4c8004-31c4-4c1c-9fe3-92c7a2b8716d,Angela Compton
510,fcfb756f-0149-486a-82a1-d1255cb3a824,Tiffany Armstrong
511,98a76f14-65ee-4b01-b512-c1165a7d51cb,Daniel Jones
512,6dd1d00c-993f-41ca-aa46-7b022e00161b,Gene Frazier
513,fb1597ba-63d7-4cfb-bb0f-71c143139e0b,Ashley Lewis
514,c6886315-a8f2-4212-a87e-6ab461b95485,Nicole Lewis
515,d3f15636-4b95-4cde-b384-558aa0f387a4,Jill Johnson
516,6ed04e27-97bc-46f9-bf0a-b9b0cb52cdc9,Teresa Williams
517,93a1143e-c47f-4af0-bf7b-0bc1c5923cf5,Paul Perez
518,d5b6e096-42d6-40b0-83c4-50e080f18dbf,Scott Young
519,5fa0e7c3-20df-4b8f-b024-61b8f1759b95,Christine Miller
520,6bca8b4e-79a5-4e3b-a30e-72f1028699fc,Kimberly Mccann
521,c695c147-da4e-40aa-8826-f6eafdaebcff,Amanda Kaiser DVM
522,628df103-6d85-42e9-9fc8-d5719ff322b6,Barbara Smith
523,869e6bb5-efe7-478e-8c02-cd5546df16f7,Rebecca Flores
524,3fbede61-d8bf-43fa-8cb1-dde37d496ff7,Lauren Waller
525,c66c24b9-6a38-4f2e-8f42-88acc02a79a2,Kimberly Coleman
526,1a037e7f-22dd-4408-9efd-5532fe63e065,Benjamin Rice
527,52371e0e-a1f4-460c-8d28-2490e2d7e2b0,Fred Gibson
528,5ca2eadb-1eee-4a41-b00f-35c3033ae179,Nathan Cox
529,12bec9e1-6ca5-47e2-9888-9bdb78f22ea6,Ryan Serrano
530,41ca95d2-36be-432c-b90a-d120845948c6,Robert Cortez
531,33ac2172-52a4-495d-bddb-e14ba4ca9dcb,Christine Harvey
532,9528d3d4-e957-443e-b85e-05ae87f26e17,Anthony Jimenez
533,ff5fabb1-7dd0-4075-9b38-a8f5cef840ea,Robert Phelps
534,f3088e42-9554-4965-9b44-c34b1a522ad5,Michael Williams
535,4935a9bc-11f2-4312-bc32-4e98d782cf97,Steven Reyes
536,53317e44-944d-498a-8147-eeb72e9829c4,Scott Webb
537,d564be1c-66d8-4524-83ed-54f62f96734f,Charles Hernandez
538,16fa53c5-ad17-40e8-b1f3-ccd377164c8d,Kimberly Gonzalez
539,3b2dd4a5-dee7-4965-866d-2df7e79ab009,Ms. Mary Parsons MD
540,7ae63b5a-1da9-48ea-af8b-5ce1b890640c,Janice Bond
541,274a2b9c-d7aa-464b-94e2-4e4ea9fc3117,Katherine Berger
542,2b45f126-71d0-4cfe-b964-43fe57852e13,Jack Huynh
543,1b8127a0-3bfb-4dbf-a95b-8ce94b3ea4bd,Brittany Wells
544,db805891-d749-4a92-b386-acf1429d96b3,Kelly Carpenter
545,edb1a8e4-6056-4d3f-abe8-0c72bf3acc3b,Christopher Haney
546,4f8a9e5e-42c6-45c8-a0e3-1f2403f42e49,Adam Rice
547,6892d87d-5654-4795-bfb9-353e8de82270,Benjamin Turner
548,6ad65b65-dee4-43e9-831f-4baa023543b5,Derek Francis
549,10a7e815-6dd4-4053-9bb3-e3cb9cddc125,Steven Escobar
550,c7c17cad-3025-419e-afb1-73cdf7d0ec82,Cody Vasquez
551,73d137e8-520f-4aaf-b27b-cb470fababad,Nicholas Mason
552,1269a46d-635e-4599-914d-2ad99999b6c7,Michael Flores
553,49f24a3b-a0c6-4c9f-b882-df159125f3af,William Sampson
554,975b45b4-98e5-42d4-ba2b-5d811824ec09,Walter Allen
555,08e98b67-42ff-409c-b950-84b2b9ab30a9,Cynthia Thomas
556,4f00c62f-2db5-41d9-92cc-67373c3fa767,Julie Wyatt
557,1149a032-5848-4cc1-a467-74b8bb2062f2,Sarah Ibarra
558,8f3449ed-ecb6-405c-89bc-c377c808ca68,Angela Smith
559,82a0e3fa-516c-49c5-88ec-f8fd3d41003a,Kathy Brooks
560,f5da5402-e388-488b-b4c2-fef1816d5a74,Sean Barnes
561,bb159eb1-af8c-4899-a39e-e80e9238c30f,Kevin Salinas
562,06aaafc4-7d88-4a05-ac9f-99cf5b0991ff,William Clark
563,c6b1cc3c-e46e-491b-9302-2dfdc756537d,Jaime Wood
564,d9c9ccbe-01ef-478d-be4f-74e8c3f69458,Vincent Rogers
565,e2672530-7628-4cc8-91dd-25865dbe33ba,Aimee Kennedy
566,51fffe3d-2ee4-4651-a0e6-de01cd8b02b7,Paul Gardner
567,1666abcf-2467-4d93-84b1-ff76aacdcd7d,Dana Ballard
568,5ab593bb-5ea9-44e1-943e-d676c1080f7d,Chad Willis
569,90603ee4-fceb-491d-92c4-bf600232c562,Mackenzie Torres
570,55836f8f-888b-42ec-b1b0-0b423bcb4030,Alexa Marshall
571,35a371d7-d4e6-4a8b-becb-1c6a491e5ce8,Paula Mcdonald
572,f6a177f3-9768-47da-a833-59ff513183a0,Wayne Baker
573,de114c56-3f08-488d-a39d-33485162630d,David Perry
574,bf76e5bb-b414-44ed-bf62-b67837e2ff64,Ashley Ross
575,2b5587c3-48ec-433f-ab37-50194f8bee87,Anthony Rice
576,6618fb2d-9bd0-4662-b280-59e5b212b87e,John Miller
577,572b93d3-9705-4d2e-b674-27d92564f4ae,Jeffrey Lopez
578,5cec7c1d-04ff-4c3e-91b8-3d094f61313a,Charles Allen
579,b3f6a6c7-5ef1-4837-b521-37d758f799cf,Brian Ford
580,bd17b1fc-d555-4f74-8261-e1e0ff4255d7,Richard Stone
581,fb92ee2d-1455-474a-9501-708818910aa3,Dawn Cunningham
582,d00bcf4b-3453-40fe-93d8-ab115f84fac4,Kerri Blair
583,fba14b71-e75e-4ebc-bc7f-118768cd8e80,Michael Harrington
584,ccb8eb66-dec3-4ee6-93a8-63941210b9e4,Allison Clark
585,2b3b9906-cd46-44ec-81b3-f1a4952c788b,Deanna Kennedy
586,d84457ea-921b-4277-90d7-cd0713c845ae,Matthew Carrillo
587,ae65198e-6e1f-40a7-9670-3c4d79fa3db6,Melissa Wolfe
588,f2a2e152-331d-48be-9470-2fb1e839a8e7,Robert Kim
589,facbc47f-8ab3-47ce-9e90-3176fdd5a25f,Regina Chen
590,ef3c7a69-db75-410d-a751-356ad886d060,Anthony Waller
591,dbc0f31b-5795-449d-89d5-6da9eddc7ecd,Sarah Thomas
592,d4e228ee-a54a-44c7-992b-80be4f11faf4,Dylan Dickerson
593,37acdf78-cad2-44a1-bc65-39115e4a700c,Anthony Allen
594,32b1ca77-c270-4845-98fd-483b2f8785bd,Susan Maxwell
595,b876cf80-3a9b-4da4-a693-897915c909dc,Alicia Holder
596,3af3b7e5-84ca-49ec-90b8-6cba952e3d6c,Carrie Johnson
597,6c196e2a-9b11-4980-aded-db7efa301a35,Caroline Lucas
598,9e6dee2f-c72f-4e5c-8a55-bb16ec9267d0,Lawrence Mclaughlin
599,55fe423f-fc37-4b07-9c52-5163de014a1c,Justin Taylor
600,1621924c-b33b-4c69-aaac-509c2aa37be8,James Cook
601,84d309e9-47ab-4970-bd86-5426f2b74ded,Gregory Roy
602,19519ae5-5803-4fce-a821-5db21795ecb3,Rebecca Torres
603,6910c0fa-a53a-46de-82e9-e8d8fcdbc46b,Sara Dominguez
604,d59ac135-cf21-46ce-baea-00c4bff097d3,Michael Ford
605,a95ae239-ec68-4a7c-84e4-26e04eab1f60,Jeremy Riggs
606,4d58c8e8-6074-4233-8f9b-a53af2132bfa,Thomas Valencia
607,70838db4-1c2e-4267-b7cf-b7405f6f0b5f,Nicole Perez
608,0599b638-4992-4bc7-9b4a-6b917c256dea,Michelle Wiggins
609,e6776237-ad1b-4af9-a6c2-d4f1d16633a0,Madison Austin
610,7cbf8645-9ad3-4954-aad9-eeed5f182bd2,Melinda Torres
611,8e29d85f-7d4c-4fa1-842c-e99e57bd8f8d,Brittney Baird
612,7da8dfb8-e54f-405c-bcc8-dfc46df72143,Kelly Palmer
613,4448adbe-519f-4e4b-bcc9-7409188766e9,Joseph Fletcher
614,73bba4e6-6060-4f91-8267-958a930fa775,Robert Skinner
615,d0836039-f6e5-473a-8347-b9e123c36673,Daniel Stevenson
616,4ab6086e-a677-403a-90e8-03357a568936,James Robertson
617,62f37bca-166f-4b20-989c-46fe0499f536,Chad Garcia
618,a8917e3d-a500-43ce-ad69-8e3b92de6816,Erin Moore
619,9421da08-6e65-489c-b8eb-c6c9e7c1a74f,Kevin Graham
620,7be38b8f-9a5b-48fe-ab69-14b07b6607e9,Dr. David Murphy
621,09937823-27f6-46e7-88c3-b3894fbe69f0,Sean Manning
622,06b9cb24-1780-4cd3-9c30-292cad201457,Miguel Palmer
623,e95b2a5e-1241-4870-b78f-4d6e668420e2,Karen Pugh
624,4c8da7a2-3dad-44f3-bf3f-48e9315a7f8b,Glen King
625,332555a0-46e9-4cf5-9b73-fa05c204ab62,Sheila Fisher
626,6e17380c-14d7-407c-ad6f-8eeb82179028,Brittany Rodriguez
627,57a87fe2-27ba-49dc-824c-605b9ada8305,Christina Rollins
628,83dfeb8d-a8f0-4288-9aa3-70e5f7c99ffd,David Webb
629,46d3295b-9761-494c-a960-b6a54fcfe185,Mason Thornton
630,597a8a53-8cb5-42b5-8c1a-ac7588c49793,Anthony Stout
631,76462bfb-fec8-4d1f-b497-e33872f055da,Mr. Adam Carey
632,060fba33-62be-48d1-b54f-fa3aacf512e7,Emily Brown
633,3a0ec9d3-0169-4864-bacd-305eed2adde6,Robert Black
634,4e41af42-1405-46b8-ae63-0ee4219c335f,Melissa Davis
635,57f036a9-4254-4304-a5b3-997e5e86647a,Jennifer Sheppard
636,2f66fe24-041b-41cc-95a4-bdc167c1c9f7,Lisa Martinez
637,cb7450d4-fdfd-499d-91cc-fd466aa87416,Rebecca Smith
638,7678ffcf-471c-4802-a2d6-41837c480c38,Traci Maddox
639,c9697b73-41a0-42bc-8c3b-afa38dc4a9e7,Nancy Hernandez MD
640,4f9de94c-ada9-4fae-9990-f732638465a1,Deanna Torres
641,e85a91f3-b0a9-47a9-ae93-f40c2713bcfb,Amber Cortez
642,bc0b9b09-3d05-45f2-b8aa-e250f9f5738a,Rebecca Rich
643,94beabd7-e8a0-419c-931f-15a76fce3dcb,Tanya Craig
644,454ab164-8c15-4f0d-8228-0d6488d93cc7,Gregory Rush
645,895d8e8f-b042-40bb-86ca-e2a817329d2f,Stephanie Dorsey
646,b0bcc42d-17a5-4a13-bdd4-b544b9e66230,Jeanne Morrison
647,433e929e-dbec-4c06-95d5-d789b1111b44,Gabriella Choi
648,ad102be1-11e6-4e09-af72-9358c557dc75,Brandon Lindsey
649,90969c2a-f4b2-4ef7-b628-7319b269c5d9,Angela Huffman
650,4021a934-478e-4310-8939-30ab5ee76790,David Donaldson
651,f8caf9e0-98da-4426-a737-5f9f206bf68e,Ashley Santiago
652,60ee886f-6d3a-4fef-ab47-af5c9eb64a6f,Melissa Nelson
653,755a3c0f-57e7-4f6e-be53-0a65d7b2d8e5,David Gomez
654,7ca6cedb-8c42-43a8-ae38-5d8b8df4d7a8,Jason Jones DDS
655,5df8d0f3-58af-4ceb-b98a-608ee6cc00b9,Lisa Mason
656,b7109d22-5ff2-4a83-991e-456ba9e9ee0a,Amanda Bates
657,e912ffc6-ff6d-489a-aeff-2ae8a5a9eb0e,Charles Bolton
658,578f1a21-2a2c-4b2d-8f6e-9ea0628b16e0,Kelsey Taylor
659,f8f9c1c4-2945-46e6-a7dd-6b81f3286716,Amy Mitchell
660,f4e9bea0-3fae-42cc-9cf4-0ab0cd1d66dd,David Thompson
661,fbcd09c7-20f2-4b0e-943c-8bd7a84d7c02,Zoe Graham
662,4029d20c-c975-4786-9913-f9658746c6e9,Anthony Wells
663,8ec88c36-b4fe-48eb-9b7c-08fe3db2016b,Susan Odom
664,a4373cf0-4c60-41c5-9dae-7792a73df682,Mr. Nicholas Smith
665,5e1dbf87-5019-4240-9dfa-c3909fb1f2d3,Joshua Garcia
666,ee77354c-67f5-4e0f-b919-0eed05670225,Patrick Knight
667,9a432c8a-824c-4b62-8e7f-c2ca1abef1e0,Michelle Tran
668,981b4376-b633-4912-af31-594099b5f05e,Nicole Kane
669,6328c338-8e9e-40db-aa8c-5169eed52e47,Jason Garrison
670,a172e84b-6987-40fb-9d01-3e30944fe2ab,Alicia Finley
671,eee76612-8457-4ab6-87f9-8add292c86dc,Susan Taylor
672,9d18bbd4-ec95-4405-b137-d5f5c0e439a6,Samantha Holmes
673,9a3c594c-987d-4726-928a-61d9f1c28836,Daisy Johnson
674,8f949321-0971-4874-b3ee-9db2bd2a0612,Brandon Duffy
675,97c29d28-6229-4671-8e2f-36cf34b52271,Robert Riley
676,21f969da-4397-4b09-8f61-e7b51f9fc440,Dustin Reynolds
677,38ecd163-a13a-45c8-adff-db0114af24ef,Gary Ellis
678,18b389e9-ad61-4a26-81c9-9980e9b58e18,Molly Kent
679,671a1292-a47b-470c-92c2-2bd2a18f4edf,Norman Martin
680,d5d15bc6-a828-4edf-941c-b418fd97bf0f,Jermaine Young
681,13f9ec8b-9058-435e-9548-1b79413d410f,Erin King
682,01bc9e31-8c38-420b-ac1b-f32e4d70aefc,Vanessa Jones
683,edbb9e72-2d3d-4fca-a077-1370dff88c7a,Mikayla Cole
684,b147c14b-798c-45e0-86d5-cb65990b7dbd,Joseph Sanchez
685,11b38651-7591-443e-8c3c-9233fdacc6fa,Mikayla Rivera
686,96602d04-3b87-4667-ade0-9173fa7cbd8c,Ellen Crawford
687,950010ff-5760-4bef-90d5-42afc2f8796d,Nicolas Kim
688,2a608b00-d3d9-4017-9cd7-eb656135dfe5,Steven Hansen
689,94111f7d-8560-4759-8651-24df350abefc,Audrey Marshall
690,8b6dd6f6-2fcd-417e-8333-5b7594c610f3,Dr. Lori Nelson
691,24223542-0dde-4751-9c87-635a7efa1747,Christopher Brown
692,2e00527a-544b-46f6-8532-6cf2e6d7049d,Kenneth Holmes
693,570b85a3-0f13-4d6c-bfaf-57d79b0be72a,Dana Hensley
694,c3ecc1aa-0049-483e-a7bb-8c5a4621369f,Clayton Brown
695,afc7686e-ebf3-4d6a-9e3d-0921d6e31299,Robert Williams
696,92979e95-7a61-45ae-affe-c6b0f347d91b,Cindy Gomez
697,f9387b15-d588-4aee-91e5-6795d22fdb4f,Hannah Benton
698,61fab44b-c4bc-4c10-90ed-1297513e8432,Elizabeth Davis
699,10dbf795-b72b-4a2b-a3b3-c38b986d4f31,Ronnie Hammond
700,1258db7e-c056-4226-a70b-ceefb3379346,Gregory Rodgers
701,b1adbb31-549d-48c9-bd51-9a3859adf588,Linda Thompson
702,732c254e-f7d1-4423-ac2d-139b02e85b67,Allison Young
703,a6df9118-b775-47b1-a154-899e59d3497c,Vanessa Schmidt
704,73025697-f1d1-4e8d-a1b0-b13f906d63ac,Mrs. Hannah Figueroa
705,cac98939-6896-4b75-8f66-c9a8d640394e,Alexandra Cain
706,6da845fe-1be9-477b-be58-596e961eb73c,Christina Lane
707,b4dc52bf-ac50-4511-bb6c-99cb4b03c370,Carrie Welch
708,e3b7c404-57e2-4094-802c-3ec3369d282f,Adam Carroll
709,79f86342-887e-4908-a94d-ddefcb9b1267,Kimberly Barnes
710,6f7aebea-7577-4079-b9e1-20116c5fad2a,Jessica Taylor
711,25f1538e-c18a-464b-8693-a963bbc71395,Heather Ferguson
712,ebdf055d-f6e8-4ad5-9758-2e5c94a99a48,Sheena Lewis
713,beecaa6b-fb92-4a98-9470-7107577c969b,George Sanchez
714,d5d70efb-b362-4ac8-955a-adae120eb109,Sarah Edwards
715,224b416a-a14b-4761-a253-c530ced4ccb0,Adrian Harrison
716,cadf8030-3799-45e7-afea-eecbaf7936ac,Autumn Lee
717,c3bc25af-f019-4f3f-9a6d-65c8d912cf65,Melanie Roberson
718,01891e6f-0303-40a7-8470-a57245110ab5,Michelle Conner
719,1fa2bffc-bb69-4240-826c-00e138c8b57d,Darrell Logan
720,3b7ab48c-93d6-47bc-9f89-818a047ec7e0,Kristin Payne
721,a0dbb528-ba9d-4a21-ae1e-a34e9369734f,Dustin Clarke
722,774e0c82-ec94-4da6-a5ae-639f0160cfb3,Margaret Roberts
723,657f8b32-6273-4d06-bb50-add6302edea1,Christina Howard
724,6b2975e5-253b-4247-aa60-d02eb80acc27,Lisa Ramirez
725,f18fbc9b-5182-4e52-b15a-1ffa96c67a93,Kimberly Wilson MD
726,b4b3dfcc-585c-4220-a9bc-c285fc574b44,Eddie Brown
727,a01ee30f-91e2-4248-85a8-4163686b8b92,Caitlin Vasquez
728,4192cd7e-a139-4219-b351-260a6ceb8989,Linda Thompson
729,6756cff7-ad0f-4c06-8164-23bed061f509,Benjamin Adkins
730,4c4f4356-a06f-4d8e-b59e-be58da8a31ca,John Jones
731,becb6a8e-1f49-4192-adbd-e2980a67ef30,Andrea Obrien
732,9b726044-e93d-496a-920a-aa29fc458981,Don Valencia
733,7e3954b6-4bb0-4aa7-9cf3-dc4d9564cb32,Kimberly Haney
734,88ae094e-523d-46fa-b54a-a2241f1b2d3e,Justin Barrera
735,88f17c20-cd83-49dd-bd0e-6731fd9a9b9f,John Yates
736,181d2398-3362-4255-af2c-2f803b71ee82,Jeremy Stokes
737,b290ae9b-13b2-4ed8-b08e-27d2ef66079b,Wendy Tapia
738,e73d7e7e-3f4c-42e6-a0a3-9ddd26a26a48,Krystal Mason
739,1875156c-d594-4615-9aef-fe43c881312f,Sharon Sutton
740,a49a01c8-36a6-4ef4-bb61-d0eae0961e9a,Charles Johnson
741,35705630-01eb-44fb-afad-82d0182b63a0,Michael Acosta
742,65c18774-7151-49ef-be2c-10862f6bd4b5,Jennifer Castro
743,366728d2-149f-4c4c-9ae4-ff04e477dbba,Gina Smith
744,ebdd3b02-dd80-4325-b8f2-40458611792a,Michael Ball
745,c82a3985-2e64-4492-814a-be999d3399f1,Roy Torres
746,117ff1fd-58f2-450b-8e2a-4e1d85b9f48b,Henry Harris
747,f8ab7bc6-73c5-4d43-899f-d23751223d30,Brandon Lopez
748,164df2be-763b-4c00-a29a-0e55a2b4b752,Nicole Russell
749,3a1733b2-0456-453f-97e5-3e2d79f2f295,Walter Saunders
750,3a4a4493-ed03-4596-b2cb-323512195d7a,Michael French
751,d004df3a-4619-4e4e-b2f2-f509b4995c1d,Renee Clark
752,5af85505-e608-462e-b665-bbccce63a000,Jean Hansen
753,61846213-7a26-48c1-b7fc-536e7119696f,Jason Rodriguez
754,0699694b-e99b-4c7d-9eb8-f7dc992af4e1,Ryan Carpenter
755,8876b5a5-fdbd-4522-9285-6f0776825eaf,Melissa Wilkinson
756,58114c30-0405-46af-a132-dad0083b31a9,Brittany Hernandez
757,eb805e34-8ecc-47ea-9703-be102bfbcc98,David Schroeder
758,2b0d3d07-3abd-4051-9027-f85c889a7dae,Abigail Wolf
759,4ed3bf00-21b3-491c-a2d9-90f564b9809f,Catherine Krueger
760,a03b4cfb-0f5a-4a28-87a3-77df13d8c7f7,Jason Callahan
761,8ea07f94-4d16-472b-9413-f1aebcbbe1e5,Annette Turner
762,d73e0e1b-534a-493e-91c2-ea09f5a570b5,Lauren Ward
763,9282d0e2-d18b-410c-9d52-1448e701ba11,Lydia Knapp
764,f713901a-27c8-4273-84d0-781a51387151,Connor Watson
765,ee0a78f6-0d32-4cdb-a4dd-082b3f090518,Jessica Cole
766,142d29c7-2fd8-407d-b98e-b4eda8b778b2,John Collins
767,6c02a083-db4f-43a2-a023-cf404cd1e764,Gregory Glenn
768,ae29483a-58bb-4e60-a5f2-83e5f7efaabf,Michael Baxter
769,1436910f-abfb-46a3-98da-3c79ccc48ae8,Tyler Ramirez
770,6a0645c5-c27f-4e28-b7c7-689b4afb9f87,Steven Atkins
771,bd3dcd69-4a50-4f8e-bdce-5647148de2a0,Kimberly Jackson
772,c35e1cf2-189b-46a3-9e00-cc568afd84d7,Stephanie Adams MD
773,09da57b9-3c4e-4293-87e4-1e8a0a52f42a,Austin Norton
774,aa75996d-e4bc-412e-af8a-3b9b8e812644,Duane Myers
775,90c2e7b6-87f7-4f13-9cda-a3ea8b210896,Michael Cruz
776,3ad6acaa-1833-4e97-ad12-63898c2ea77a,Sarah Smith
777,47ba316c-8b8e-43c4-a987-217c1f815d9f,Walter Richardson
778,c5e4d27c-ed3f-4ccf-a29d-9c10c247cc96,Melissa Brown
779,192f334c-2975-4b64-ab31-df7f2eef6506,Raymond Garcia
780,9f06671d-8c79-4b5b-8d4e-968dc4da739d,Whitney Salazar
781,e0fb0120-20c5-453f-90a6-5d3954b559af,Shannon Baker
782,d70d666f-fd4c-41f1-994f-f9014c545797,William Ayers
783,e7ae03e3-f1f3-4477-bd00-e4a7ec321005,Jacqueline Palmer
784,9d246c12-ff01-48d0-b61b-c7ea3f77ad6a,Peggy Martinez
785,e67fdef1-b740-4d10-9859-4c29a840178d,Jonathan Moody
786,be36ab4c-a241-464e-a928-3bec56cecab1,Robert Anthony
787,c746708a-e935-4d06-a72c-6c206377a3ea,Casey Howard
788,1ae50eea-6665-43d6-9cc4-33abc8a0c388,Vanessa Hernandez
789,5d3e685d-229f-4e97-950d-79ac2b0f063e,Timothy Navarro
790,93feaf84-773c-439e-aac0-5ade7d4e8823,Robert Allen
791,76dc29e4-bddd-4dc0-bda4-d7f4197cc3ed,Colleen Johnson
792,8e322a14-1693-43f7-8a55-9a04795d376f,Timothy Evans
793,cad46b37-58b2-4b8a-b68c-e5c8547cbeca,David Byrd
794,d61836bf-e5ee-4b44-8724-c8e7c33b2b7c,Colin Campos
795,bb166aa8-39d6-4a8a-b75c-4a7a0d1568bd,Rachel Martinez
796,b5409727-aac5-4eb5-b505-0116d1bdb810,Samantha Miller
797,7f73581c-db83-4cde-86af-06bff88ca916,Diane Vazquez
798,e46bd1a2-9e1f-42a8-b71d-5aa7154507b8,Megan Fischer
799,369c6383-c093-4cff-92aa-e773c0602dda,Melissa Miller
800,3d036c32-2a5c-48e4-b055-d4b4585981af,Jacob Richards
801,9f55c9e6-449e-40f5-888d-a72fbb2edfc0,Eric Adams
802,57ab1fbc-687b-4d17-8af0-d67b49c39b8d,Mark Olson
803,f5312b59-4fb2-4732-acc1-f12ce3a284db,Alexandra Colon
804,61c0c267-ac13-4742-8f68-ce9019ab2825,Jeffrey Cannon
805,9c8d4dfb-f256-45bc-b0f3-332e3deafb21,Charlene Henry
806,9a2e9ca9-1332-49b7-9a39-35c8a60e1627,Christopher Thompson
807,33b8e60b-237b-469a-a860-9086165f6b43,Mr. Jonathan Taylor
808,4c5f18d4-0624-43c1-9c9d-a0802ea815e9,Victor Ramos
809,27fb43a2-f87a-4505-bec4-62c16b9a5bda,John Norris
810,b072a0b3-dc89-4ad8-ad86-a426e4049db7,Sara Stephenson
811,9f12ecd8-a76d-4d15-b82c-15bb9ce22a61,John Henderson
812,7062a72c-77df-491c-bc36-0c8c6a63ca81,Maria Nelson
813,29953e88-3659-4a6c-8c1c-70137b3be21c,Benjamin Johnson PhD
814,0e3028e7-ad1d-4101-9f25-f94a311c5cae,Henry French
815,2ba450d5-ab4a-4501-afc4-ec971a86f059,Jacob Ortega
816,31ea9ab4-b617-4bf7-b866-cbfa911a6edc,Erin Chavez
817,d3100bb8-2211-4d16-a09e-23ec8c90925b,Susan Johnson
818,8df281d8-73ac-4c78-a76d-75ee0b5713ec,Derrick Black
819,4fa171b0-a727-46ce-8dce-7048679ba447,Jonathan Johnson
820,ef8c0f59-81ad-4792-b246-4d49916f024f,Ryan Jones
821,e6ee93d0-3196-4fb4-bbc5-bb0eb1f91733,Amanda Chapman
822,01242031-635d-4088-93ef-7bd8946a27db,Edward Carrillo
823,ee5871dd-78d0-48ef-8f0e-ee8d339812e1,Megan Sharp
824,ef1896d4-b6eb-48ce-b790-6bce1fc46dd5,Donald Peck
825,e8d8d4a8-9b07-41ec-b898-1ac8d3f5fa5d,Sarah Hunt PhD
826,52f76509-16a0-4738-a2b0-3aee08e68831,Richard Cannon
827,eda80f1a-a1ff-488a-8647-93561a57e0d8,Katie Keller
828,4d9820ec-ccc7-4a88-bd1e-076be1ea0caf,Ernest Martinez
829,d19d691a-96cd-4f74-a3f9-76ca3be532f5,Matthew Love
830,685df2fd-f603-4bc2-89ad-68b42cad7ade,Calvin Strong
831,655bdceb-491f-46e6-918c-d5046abcb2d6,Noah Jones
832,8d43a3a2-46ce-43f1-9e0a-045b988a98fa,David Lewis
833,b59380fd-d5dc-4dd5-ae37-e6dbdda49713,Rebecca Jones
834,f936dfce-af7d-45b5-bae9-9639dbcf7b2d,Alexandria Jarvis
835,4a36de48-56cd-412e-a91d-17f5d2fe2dc3,Jay Cunningham
836,30d06e5d-1681-4e32-8420-e643530c463c,David Black
837,9f0eccb0-f56e-42e9-969d-3862f2d4fbee,Kimberly Wood
838,b9407441-c0e0-4840-a4e3-5e1c9d557709,Matthew Roberts
839,a88e486e-d765-46b5-a7c4-eb9d502a007f,Kathleen Hudson
840,1c999a62-b0b7-4bc3-9e3a-3a63715e4af5,Eddie Glass
841,4ad02818-23c3-44ca-a7e2-35d08926fe19,Amber Small
842,c087bddd-e29f-4237-bfc0-02c3571269ca,Tyrone Williams
843,c65cbcca-378a-4366-adf4-2f8102ec5952,Melissa Smith
844,0681e50b-e66a-4756-a217-61af130342f8,Andrew Lester
845,911bd8d7-b63c-463b-a84a-ae1311019a38,Manuel Price
846,2208273e-ed40-4ff6-be57-0c6270748b4e,Michael Mendoza
847,f468e2e2-f203-43ae-95e5-f91fecb55163,Steve Blanchard MD
848,e3e90505-8df1-4a6b-adae-9031f7ccb660,Barry Mann
849,d217e459-d79f-4fae-93c2-4f4548fb7dee,Derek Brown
850,dd619948-d5c1-4b7c-8b0d-0f5a8fba4790,David Garza
851,398eaf2e-b82e-4f0c-9b2a-c0055aed6c84,Stephanie Campbell
852,aca621d2-01ac-4f16-b15e-019c5ae8fccd,Mary Harrington
853,f8b31fde-1e95-44fb-9788-52d24c1e1cdb,Alicia Blake
854,cb9b01db-b3d3-49ec-bd20-0145a2b69af8,Troy Lane
855,0ba9a3a4-f476-45ad-8cd1-158d938a2dd1,Shaun Berry
856,d3c3e52e-46f4-4e5a-a5ee-9a29bca4987c,Pamela Johnston
857,dc88a805-5a0e-4c51-b9c4-7a88001e6adc,Mrs. Veronica Murphy
858,7e74cbba-fd82-49f0-8880-edea816f9d38,Megan Johnston
859,95e2bb6d-152b-4e7c-812d-a4c1b2eca48a,Kim Gallegos
860,a71a740f-f4ce-493a-b546-1ba7da292c19,Brandon Parker
861,4d1781e1-a1aa-46ec-9539-796aa2e41282,Jennifer Atkinson
862,5389f887-409c-4d78-86f7-beae16628c84,Nicholas Meyer
863,4234c444-00d4-48bf-8085-318e304c0963,Christy Rios
864,921d7231-1ff5-48e0-9afa-86601e332458,Wendy Sanchez
865,260cda52-d373-45d6-bcf1-02a159e991ff,Stephen Barton
866,c5fa7e83-d64d-4541-8b35-e0754999232c,James Jones
867,46c76c2e-92f7-4d01-b2ea-93fdcd474109,Janice Valdez
868,e867caa4-7c2c-4c28-97d7-a0678861049a,Christopher Mitchell
869,853cdd9e-ec47-4675-8579-5eef59af08eb,Joseph Brown
870,efb1ded5-4c87-462f-80cc-0681a865c699,Alyssa Riddle
871,48b555fb-b8fb-422d-8f0c-7c92113c3d17,Christopher Moore
872,1f2dfd5f-ed4a-4a61-b235-c4d011784aba,Mark Johnson
873,dc0f5100-7db6-4fe8-86c1-25d761d2cd16,Kathryn King
874,c887e073-48a0-46ed-b415-dd0ec9e07713,Roger Campbell
875,44e6dc43-6c3e-4cd3-9720-055b1b94ef78,William Parker
876,277bee88-939b-4d34-8725-4327a525409f,Sabrina Black
877,5bd051de-7edd-45a9-8a24-5cf7e69a158f,Samuel Wise
878,95d5f981-c601-4c62-83f4-c637d299f5ed,Mary Ruiz
879,c5bbaa68-5e82-4d82-9108-752da22a395b,Erika Mccarthy
880,164d22cc-aca0-4c45-bde3-51be4b39ce02,Tiffany Zimmerman
881,6af6b9cb-1c28-4dad-a492-4758ae51f1ff,Tracy Garcia
882,28233639-de15-4fda-b242-3778a9a8d181,Cathy Castillo
883,1e1f37d3-2043-4111-b0c2-f2f2f438b40f,Dr. Matthew Brooks
884,cefa2e45-e601-45ec-94c7-204ac0402751,Jennifer Singh
885,5f1143c6-b1b8-4297-9268-467548e664d3,John Paul
886,b017635e-50d3-4e98-beda-b3494b835db4,William Joyce
887,016ede4b-2cf7-4568-b642-ccc0127ebb72,Brandon Perez
888,58189f23-4ed7-429c-8a30-f173d06ace9d,Maria Phillips
889,856efc54-5c5e-4dd5-9960-bfe8aac323ff,Charlotte Davis
890,d3b3ea8d-5c41-4122-b2a7-96a054804d78,Darren Weeks
891,3778f163-d034-4afc-b252-46710c4a1c13,Shelby Gonzalez
892,1af98949-ae27-4ec4-9dff-c98dc9d70e2e,Richard Lawrence
893,f0fd2514-8801-45bc-b780-000560ea2803,Lawrence Ochoa
894,ef15ca27-0a86-4813-82f5-8179f222359e,Derrick Smith
895,e8dde3b6-fc2c-4912-8f2e-acef5914e927,Michael Steele
896,f3256b3c-6afd-4ae4-90ad-24bc56c47b5b,Jared White
897,10810f70-7a01-4570-a339-62539055c21f,Jose Cook
898,88661f6e-34ad-4d45-a49c-363d5a380ffe,Paul Gomez
899,54116dd1-04f2-41e8-8769-271d9f8467e8,Dennis Kane
900,6ab1a433-3456-44e3-b45d-e265f9fecae1,Megan Baker
901,7fd73a88-d162-4a1e-a550-53359df2bc5b,Gerald Figueroa
902,3c5d2a2a-8f12-413f-b5d5-7ce09696cb56,Alicia Webster
903,19bf415f-709e-4dcf-be75-c2348312ad52,Gregory Anderson
904,8cd82328-67e2-4e10-9155-e6d8a221bcdc,Brittany Barrera
905,1bb46eff-75ad-4d23-8204-b71f172b0938,Ann Sanchez
906,003be844-c2e0-4818-9f3a-03cd5e8a9e62,Michael Flores
907,3e6288b2-b777-4f2f-97be-c750996c41c9,Carrie Mueller
908,ed4312f2-9597-418e-b562-33c75c66e017,Nicholas Jones
909,04c4bcc6-2e83-4eea-839f-7487bb915e50,Brian Fields
910,caf7736f-ac70-4962-af4d-96872e62ed40,Paul May
911,acf1012f-fcf2-466c-99f7-e6833486fecf,Ronald Jones
912,6cce95df-7600-4a0a-bc77-49bb9a66c0d8,Savannah Murphy
913,ed4707a5-a3de-45ad-b646-96da0b177d2b,Jennifer Manning
914,d9716c7f-7495-4280-b73c-413c783ee4ff,Ashley Smith
915,ad20d931-2022-416c-a79f-343c28864ded,Michael Leon
916,44703cfc-220c-4f61-a30c-077a8ea92bde,Taylor White
917,904e51e5-8172-4f6a-a0d6-7da70baab42f,Derek Hunter
918,7b256211-0344-4a7a-9373-a9ef76f20c51,Miss Jacqueline Green
919,d555a5f1-6ca8-44d6-a317-936d6cd6ef68,Rachel Graham
920,cec42552-4761-403a-ac0c-1ac0c0d80a9c,Nathan Webb
921,0a0db722-6f2c-4a72-b849-0ab5052d9461,Maria Garcia
922,4b7655b7-ce71-486c-bd28-614cfca90bd7,Keith Cook
923,91e47543-a678-4fa5-add9-4a58dff21e4a,Jacob Ingram
924,70f2f743-dc22-4300-851b-4d801b86e7f4,Raven Johnson
925,d5dc0d17-a802-4c5c-a96b-b235676720b5,Richard Jones
926,9cf23aa5-68d5-46d9-938f-18879255766d,Daniel Greer
927,31fc1e4c-b133-49b7-8901-e9fb491ba4bc,Richard Baker
928,c9bf8f83-269a-4744-8d4c-420419c82916,Brett Santiago
929,e1033d85-1bb6-4d80-9e01-cf59083dd5bf,Brad Williamson
930,e2fd6fcb-a9ec-435c-b383-45bc8d4aa3b8,Mary Ryan
931,34ce6a0b-6401-4edf-bd24-be022cca944d,Jim Moon
932,28af3769-3556-4766-9172-261043727d00,Ashley Lam
933,6bceae12-6a6e-47e5-896d-96bbedd717b1,Anita Mcknight
934,d6763892-6ff0-452d-b394-9cc569373c9d,Tamara Odonnell
935,0ccc7300-0102-4481-bd09-b713a3587440,Pamela Rodriguez
936,c47db047-c6c3-4734-acaf-cdb063447b2f,Christopher Hess
937,80a7c3d8-9dbb-43a0-b640-70df32b5aba0,Craig Owens
938,0506b3b2-509b-4a50-a4cc-a726b513d51c,Leslie Cruz
939,566af3e5-f277-4ed1-9b01-c092897a922c,Mrs. Denise Allen
940,438980b0-837a-4a79-bdad-ba00d21f7d56,Jared Erickson
